Metric,Value
Accuracy,0.6297229219143576
Precision,0.5573770491803278
Recall,0.422360248447205
F1 Score,0.48056537102473496
ROC AUC,0.6440677966101696
