Metric,Value
Accuracy,0.5919395465994962
Precision,0.4972067039106145
Recall,0.5527950310559007
F1 Score,0.5235294117647059
ROC AUC,0.6398568270344246
